828676900,5714.0700195,5572.66000976,17.200196,-0.016172,1
595469500,5725.790039,5577.88801756,-2.699707,0.018258,0
668939800,5738.0600097,5583.36401366,-0.399903,0.008099,1
868022000,5752.7700195,5589.26401366,18.59961,-0.006425,1
1030545900,5754.4,5593.61000976,63.299805,-0.023572,0
1634478500,5759.5100097,5597.3940039,-52.299805,0.009007,0
1148842800,5758.0799804,5599.93799804,-101.600098,-0.008669,0
1139851500,5755.9600097,5604.43799804,-78.700195,-0.012242,1
1002800100,5753.3100097,5610.04599608,0.300293000000003,-0.005397,1
1036747900,5737.4499999,5612.15199218,88.600097,0.005308,0
1515371800,5721.4599609,5615.39999024,-120.200195,0.008393,1
1206691700,5700.6199219,5618.04999024,-136.100097,0.009214,0
1439125200,5662.0999512,5619.56999024,-50.200195,0.010963,0
1735870600,5613.7899414,5620.34798828,-206.699707,0.01082,0
1997069700,5565.4899414,5620.36199218,-211.399903,-0.008187,0
1701801200,5526.5699707,5621.50799804,-150.100098,0.008795,1
1450249400,5498.3899902,5625.40799804,-7.699707,-0.002709,1
1513656500,5469.3899902,5629.1340039,122.5,-0.002887,1
956026300,5420.2899902,5628.72600584,99.5,0.0041,0
1335859200,5386.1899902,5628.91200194,-120.600098,0.008692,0
1200727700,5331.7200195,5627.5880078,-171.200195,0.000401,0
1700662800,5282.6800292,5626.61000974,-189.799804,0.000378,0
2015042600,5248.5300292,5625.3620117,-199.600098,0.009446,1
963073600,5208.4100585,5620.9460156,-3.5,-0.00067,0
1728679200,5186.1200683,5618.85801756,-122.199707,-0.010146,1
1832110200,5169.0300293,5618.77401366,-31.5,-0.002874,1
1325107200,5145.8100098,5615.2980078,222.59961,0.002851,0
1173782500,5123.5600098,5612.3580078,113.199707,0.004949,1
1214853200,5109.8700196,5607.83600584,47.90039,-0.003934,0
1209543600,5090.5300294,5602.91600584,-25.299805,0.000804,0
900731500,5096.4700196,5598.7080078,-142.100097,0.008589,1
1364944200,5106.5500489,5593.86401366,6.5,-0.022028,1
1102533300,5119.8000489,5588.22401366,94.600097,-0.004335,1
947984800,5147.5100099,5581.91600586,69.600098,0.015176,1
1005269000,5167.4899903,5576.13,54.09961,-0.005592,1
1026163200,5181.0700196,5570.11600586,35.799804,-0.005086,1
797902600,5190.6400391,5562.2440039,81.300293,-0.012134,0
1124430700,5187.3700196,5553.4680078,9.100098,-0.002992,0
941044800,5184.7900391,5542.9580078,-120.600098,-0.023407,0
979497900,5182.5300293,5532.01000976,-146.799805,-0.008086,0
1188668800,5160.9700195,5517.94000976,-132,0.007887,0
1277285100,5125.1799805,5501.0540039,-183.300293,0.005899,0
1342920500,5088.7799805,5484.92600586,-240.700195,-0.008391,1
1038891400,5049.35,5467.9240039,-78.799804,-0.022311,0
539451500,5022.0600098,5453.66600586,17.700195,-0.007585,1
921871900,5005.4399902,5441.77,126.899902,-0.005789,1
859246500,4997.4399902,5431.6640039,309.399902,-0.018342,1
622994300,5006.6899902,5423.49200194,202,0.011996,1
891506900,5022.0199707,5413.6640039,138.100098,-0.006826,0
839649300,5038.4999512,5402.28200196,86.5,0.013256,0
833731400,5060.759961,5389.83,-59.700195,-0.007199,0
830736400,5101.6399903,5378.56799806,-114,0.000603,1
966423900,5149.209961,5369.60999026,3.300293,-0.00311,1
1022077600,5198.1199708,5359.93599612,174.299805,0.017655,0
872202700,5236.7299806,5350.45799808,98,-0.010753,1
772356100,5254.8399904,5341.85799808,37.300293,0.006905,0
792887400,5263.9399904,5332.55000004,1.399902,0.014505,0
838262600,5276.5500002,5327.1860059,-93.100098,-0.001698,1
955430600,5290.8500002,5320.642002,83.100098,-0.001608,0
849018700,5308.3400392,5313.28800786,138.5,-0.017603,0
1157313500,5335.4400392,5309.42800786,-10.899903,0.001611,1
635528400,5351.6200196,5304.6000098,14,-0.002509,0
853612000,5344.7600586,5298.4380176,-9.800293,0.0099,0
1046900300,5340.1100586,5295.5380176,-165.299805,0.016049,1
1058661400,5332.540039,5294.2080176,-110.299804,-0.015646,1
862502000,5331.4300292,5295.04601564,30.199707,0.018398,1
653515300,5326.7600097,5292.58800784,36.799804,0.006391,0
825504500,5306.5799804,5288.82400394,-64.100097,-0.006391,0
808561300,5290.4099609,5284.84599614,-107.600097,0.007991,1
582331200,5267.3899414,5282.7079981,23.5,0.001406,0
863053600,5246.4999512,5281.49000006,-39.299805,-0.007004,1
791004500,5231.3799805,5284.532002,-33.199707,0.006015,1
1162231100,5243.4999512,5290.602002,69.200195,0.014796,1
990584200,5253.9899414,5296.63000004,164.799804,-0.003598,1
836275200,5269.2699707,5306.38000004,145.799805,0.01359,1
733985200,5281.95,5314.21200198,61.800293,0.003094,1
851371400,5310.240039,5320.83000978,58.700195,-0.004546,1
936215800,5340.8700683,5327.83601564,66,-0.010911,1
792428300,5373.9400878,5334.92201174,71.899903,0.022143,1
882318800,5415.080078,5343.75000978,71.299805,0.00392,1
736346400,5445.7700682,5352.53800782,65.799804,-0.007293,0
1391565500,5483.5000487,5361.93800782,-57,0.001191,1
676518800,5504.480078,5370.18800782,35.100098,0.003448,0
730333600,5522.5700682,5377.1840039,67.700195,-0.002346,0
783222600,5534.4600585,5383.77000976,-50.600098,-0.0087,0
795945500,5549.3300292,5390.58000976,-29.100097,-0.004392,1
854163200,5556.8399902,5395.9840039,26.5,0.016107,0
799992400,5561.5399902,5402.01600586,22.199707,0.0083,0
1012633600,5564.2799804,5410.3040039,-29.799804,0.017495,1
823630700,5563.1399902,5419.42,23.600097,-0.013616,0
604252100,5578.5,5431.73200196,7.399902,-0.008133,1
947272600,5584.0100098,5446.54600588,69.200196,0.006168,0
1047049700,5593.6299805,5463.87800782,101.600098,-0.01033,1
475637900,5604.6000001,5480.34800782,10.299804,0.008812,0
637397400,5624.6299805,5498.82600586,4,0.016694,1
971374300,5641.0399903,5514.37600586,75,0.005094,0
610917600,5654.5,5525.79600586,80.899902,0.009803,0
777665300,5672.5299804,5537.0340039,-43.5,0.000608,1
671501800,5689.0299804,5546.77200194,-13.600098,0.001826,1
1023125900,5707.5699706,5556.52999998,54,0.007568,0
656563500,5705.9599608,5565.22400388,12.5,0.020192,0
787759900,5707.9899412,5575.99200192,-111.899902,0.005599,1
767341000,5708.2699705,5585.20400386,-63.5,0,0
836504200,5711.5699705,5592.82000972,29.200195,-0.005398,1
641764000,5712.5699705,5601.7160058,16.700196,-5E-05,1
805488200,5725.8599607,5612.20200188,82.199707,0.008658,1
1106801400,5740.4699705,5622.92200188,180.799804,-0.007192,0
772245200,5755.0999998,5635.26600578,92.600098,-0.004818,1
951025400,5760.9999998,5643.66200186,-0.199707,-0.022509,0
942150500,5768.3800291,5652.03600576,-33.100098,-0.004508,0
1091041700,5771.9700193,5657.9499999,-60,0.001532,0
871717200,5773.4400389,5663.59200186,-135,0.004296,1
761486100,5782.7900389,5671.43800772,-122.600097,-0.0068,1
729396200,5786.6100096,5681.18999992,86.800293,0.00209,0
732494100,5778.9499999,5689.48399406,40.199707,-0.002187,0
772790500,5761.2999999,5697.95399406,-87.90039,-0.003196,1
556473500,5743.1700194,5705.26999992,-33.899903,-0.00489,0
862384300,5710.7499999,5712.06400382,-12.09961,-0.008526,0
1016586000,5681.8899902,5718.72400382,-147.899902,0.006128,0
1312071800,5664.6199707,5726.87800772,-140.40039,0.004779,1
1141747400,5673.459961,5739.16400382,91.5,0.001398,1
760501400,5685.0499512,5751.30200186,242,-0.006799,1
915796600,5687.6299317,5762.68799796,166,-0.011609,0
795433900,5695.1499512,5771.51999992,24.200195,0.009817,1
910240700,5708.3699707,5780.35999992,-0.5,-0.005209,1
611914600,5726.7,5789.43999992,18.5,0.0054,1
781046600,5747.9399903,5798.46799798,74.200195,-0.005494,0
635565900,5780.0199708,5806.01999018,68.100098,-0.004632,0
1431434300,5816.3500001,5813.81999018,-10.40039,0.012517,1
536148500,5847.2799806,5821.54598628,10.5,-0.004798,1
541859600,5871.1399903,5830.37598628,80,-0.005501,1
66767100,5889.9299805,5840.13398432,117.299804,0.005715,0
329122200,5907.5799805,5847.50398432,44.600097,0.010593,0
252316600,5916.7699707,5853.97797846,-37.899902,0.010006,0
197447000,5936.8599609,5863.21797846,-96.5,-0.000587,1
950390700,5947.0699219,5871.9619726,42.899902,0.001785,0
780033100,5954.5898926,5879.51997066,84.399903,-0.009779,0
662691000,5968.8099121,5888.41397456,-57.600097,0.006872,1
861069300,5984.7199218,5898.4559765,29.700195,0.002907,1
1021020800,5991.9299315,5907.0759765,94.40039,0.003288,0
921442500,5996.6799315,5917.08397454,9.899902,0.015215,1
869099100,5994.7099608,5923.37597648,5.699707,-0.002102,0
882393000,5984.399951,5927.58197256,-47.199707,-0.0007,0
999116500,5984.0399413,5932.05997062,-188.5,-0.000724,1
1161650600,5977.0399413,5937.7059667,-80.40039,-0.007919,1
918501600,5975.1199706,5942.05997062,76,0.010343,1
819346500,5967.6299803,5944.83796866,68.800293,0.000426,0
968312100,5952.5199705,5948.01796866,-62.5,0.006714,0
931414900,5943.2299315,5952.59596672,-102.200196,-0.002647,1
963349500,5940.8499511,5957.43997064,76.399903,0.001511,1
878318400,5940.3099609,5963.6319726,137.200196,0.006864,1
694875000,5951.7699219,5972.5379687,93.200195,-0.005576,1
858439600,5970.2099122,5980.02596676,91.199707,-0.008192,0
923551800,5982.5799317,5986.92196286,1.299805,0.009405,0
821798100,5994.4799317,5994.28795894,-71.299805,0.010132,1
822602600,6006.4999024,6000.845957,10.600097,-0.002736,1
858245200,6027.0999024,6005.085957,65.299805,-0.008508,1
1021989100,6049.1099122,6009.745957,24.5,-0.019094,0
802223000,6054.8099122,6012.5379492,-2.299805,0.014208,0
629790600,6054.4798829,6016.13594726,-72.600097,-0.013319,0
769147500,6049.4999024,6019.85594726,-86.200195,-0.003301,1
836550300,6039.7699219,6026.09794922,-13.59961,0.003079,0
955595700,6028.1199219,6030.96194336,-2.799805,0.014043,0
895639800,6017.6099121,6033.8859375,-65.40039,-0.0076,0
891083600,6011.8299317,6039.33194336,-79.100098,0,1
811030200,5997.0299317,6044.46194336,69.300293,0.02739,0
729979100,5972.819922,6047.38994142,22.399903,0.001185,0
950808500,5947.3899415,6050.58994142,-159.800293,-0.002755,0
777919800,5923.4299805,6055.07394532,-108.59961,0.007463,0
830598200,5893.2799805,6058.41394532,-70.09961,0.016909,0
1270223400,5864.9699708,6059.92594728,-133.40039,-0.006648,1
1379187400,5844.1799806,6060.24195314,-57.100097,-0.009327,1
764087000,5826.8700196,6059.32595704,90.800293,-0.011629,0
686659100,5814.9700196,6059.35395508,44.600097,0.012227,1
906624900,5802.55,6060.81195312,9.799804,-0.001662,1
828355800,5802.040039,6063.19595702,118.199707,0.002338,1
669291100,5812.340039,6064.51794922,136.300293,-0.008591,1
872031100,5820.35,6065.07194336,67.399903,-0.015598,0
1033616700,5843.8199707,6067.8339453,-23.40039,0.003389,1
921016700,5875.9899902,6070.34194334,61.600097,0.013085,1
683415100,5904.9199706,6071.45394528,108.200195,-0.004753,0
710450000,5931.8899413,6072.39194334,-2.5,-0.005768,1
606794600,5960.959912,6073.53194334,38.799805,-0.014164,0
659149200,5977.8199218,6073.40194334,46,-0.001498,0
759467900,5990.7699218,6075.61194334,-91.299805,-0.003035,1
700979400,5984.5599121,6072.73594726,-43,-0.016954,0
872742500,5979.4199218,6070.9879492,-94.399902,-0.003395,1
624888900,5990.7699218,6072.3079492,-113.5,0.001187,1
704737200,5991.6099121,6072.3939453,152.199707,0.004228,0
739317000,5996.8499023,6072.76793944,121.399903,-0.001946,1
553389400,6004.3999023,6073.94793944,47.100097,0.0177,1
809170900,5997.2299316,6072.50194336,64.600097,-0.00592,0
1002077100,5983.8899414,6071.36793946,-85.299804,0.004454,0
1597409800,5985.1199219,6073.54593752,-162.899902,0.00433,1
1162112200,5978.3499512,6074.47394532,-7.300293,-0.002143,0
803357200,5985.8399414,6074.49594728,22.700195,0.002393,1
868796500,5988.7399414,6073.71194336,-31.799805,0.00629,0
705255100,5978.8799804,6074.55794922,-16.800293,-0.009802,0
686694200,5963.1499999,6074.51995118,-21.299805,-0.020311,0
756848900,5948.5600097,6073.83395508,-64.899902,0.007201,1
702325400,5923.8600097,6070.54995116,-0.200195000000001,-0.011981,0
852749200,5911.2899901,6066.6979492,-25.100098,-0.000481,1
985312300,5906.2999999,6062.27395506,-65.100098,-0.004221,1
916829300,5896.7200194,6058.84795896,34.200196,-0.006194,1
863336800,5896.3399901,6057.225957,22.600098,0.004235,1
799337700,5886.6299803,6052.925957,68.799804,-0.003262,0
980195300,5879.5399901,6048.3199609,-33.100098,0.002833,1
840497300,5873.4899901,6043.83596676,-83.899902,-0.008632,1
650699800,5873.8600096,6039.46997066,15.300293,0.014616,1
792266800,5862.3999998,6035.3519726,9.700195,-0.006485,0
848359000,5856.1600096,6030.8859765,-54.300293,0.013534,0
643227300,5850.6300292,6026.92397456,-91.200195,-0.008273,1
811563100,5837.8800292,6021.89597652,-5.799804,0.010824,0
806612100,5819.6600097,6017.15597652,-30.899902,-0.00859,0
1039826800,5797.2600097,6013.15597652,-104.300293,-0.006111,1
1215422800,5789.7700195,6008.51397456,-27.700196,0.008908,1
744333700,5771.7100097,6003.2559765,74.200195,0.00499,0
893970700,5755.1600097,6000.3039843,-40.5,0.001801,1
1037392600,5740.9199707,5998.1759765,-75.299805,0.014134,1
835562500,5736.7199707,5998.00997064,47.899903,0.009357,1
798684500,5758.3499512,6003.89997064,69.199707,0.003849,1
871319600,5779.7899414,6009.88796868,267.5,0.001869,1
466358000,5807.9299316,6014.64596672,250.600098,0.006295,1
654940400,5838.3399413,6019.44996086,34.200195,0.001122,0
817116300,5872.3099609,6024.62396478,-14.600098,-0.00643,1
833720400,5881.9099609,6024.38596674,30.600098,0.008397,0
1086509700,5905.1099609,6023.86996088,-133.899902,-0.000742,1
830813000,5920.0399414,6021.84396478,-148.200196,-0.016641,0
715477400,5932.1799804,6020.54197258,-22,0.010988,0
693411600,5930.7699707,6015.39997064,-62.699707,-0.000305,0
848623100,5921.7799804,6013.05796868,-94.200195,-0.009756,1
1051054200,5913.5299804,6011.60997064,56.199707,0.020071,1
874525300,5903.6599609,6008.99997064,182.200195,0.010605,0
645911000,5896.3399902,6006.5259765,25.399903,0.006877,1
631694600,5876.5399902,6004.36797846,-5.299805,-0.007033,0
777353400,5867.0799804,5999.64797846,-68.699707,-0.003481,0
864009700,5848.2799804,5996.61397454,-155.300293,0.002934,0
995746800,5822.0299804,5990.3659765,-138.200196,-0.006271,0
1094346800,5776.9699707,5977.78198236,-189.899902,0.003518,0
1428457100,5726.3899902,5962.35598626,-325.299804,-0.00044,0
2044242400,5637.1200195,5941.11199212,-337.5,-0.009403,0
1649746300,5559.9,5922.70999018,-385.899903,0.002514,1
1455126400,5499.3700195,5909.42798822,-84.200195,0.010837,1
1024505200,5441.4600098,5898.03999018,312.799805,-0.004363,1
695636400,5391.5600098,5885.65599604,187.800293,0.008514,1
716380800,5318.2000001,5867.61798824,37.600098,0.007282,0
1546098700,5255.8899904,5850.62398434,-309.800293,-0.002294,1
857260000,5210.3799806,5834.69398434,-262.300293,-0.006792,1
904652300,5191.659961,5820.33797848,88.600097,0.007503,1
908821500,5180.0699708,5805.73998044,110.600097,-0.009068,0
1128589300,5218.7999513,5795.15998044,1.70019600000001,-0.004393,1
1178142500,5244.3899903,5786.8159863,188.600098,0.017001,1
975363800,5241.5899903,5775.48798826,287.600097,-0.000767,0
823930000,5216.7899903,5760.13798826,-102.5,0.007012,0
788821300,5196.709961,5745.65398436,-316.100097,-0.005848,1
946079100,5214.1,5731.16999022,-135.200195,-0.000609,1
1048626000,5217.5300293,5716.80399414,112.100097,-0.006983,0
1009065300,5222.0200196,5703.18999024,-27.199707,-0.003509,1
885954000,5224.1300294,5690.46598634,-40.40039,0.003666,1
1116783000,5244.7700196,5679.92198244,97.399902,-0.013404,1
1124040000,5241.6900391,5671.0179883,163.200195,0.000543,1
708695000,5228.6600098,5661.31598634,136.700195,0.010058,0
770544200,5203.6200196,5646.08598634,-49.100098,-0.010007,0
1191994800,5200.0399903,5632.56998048,-322.100097,-0.00807,1
1013630400,5193.3,5620.38198242,-221.600097,0.015205,1
1039397000,5191.509961,5610.01998048,47.799804,0.007962,1
736900100,5191.3999512,5597.12998048,130,0.008572,0
889500800,5181.5199707,5585.15198244,39.100098,0.00515,0
774952000,5153.2599609,5570.08597658,-121.299805,-0.011112,0
1168273100,5129.7299804,5557.68398438,-184.100098,-0.012706,1
932393600,5123.6999511,5548.41398438,26.700195,-0.011791,1
864877000,5134.7599609,5536.59798828,359,-0.001331,1
611583700,5170.1699706,5524.16199218,296.799805,0.00192,0
636003500,5207.6699706,5512.51798828,92.300293,0.006408,1
833336600,5239.0699706,5500.52798828,42.799805,-0.003995,0
895898200,5260.4299803,5487.64398436,7.699707,0.008659,1
754537000,5292.6299803,5479.27398436,-31.399903,0.000988,1
723007500,5323.5499998,5468.83999022,47.100098,0.017039,0
796890500,5377.9800291,5461.67399412,-25.699707,0.002395,1
730196100,5422.5700194,5455.76199218,38.200195,-0.000373,1
677461300,5463.6100097,5454.98199218,163.399903,0.005292,1
1454155000,5493.9300292,5451.02799804,225.09961,-0.002918,0
997001700,5508.7800292,5443.21200194,154.100097,-0.008795,0
1079784300,5506.7600585,5433.1380078,-169.59961,0.00119,0
1331043600,5517.5000488,5424.76,-280.600097,0.004512,1
730611300,5533.1900391,5418.97399414,-33.40039,-0.005279,1
885001700,5534.1800293,5412.69399414,145.699707,0.006318,0
1074260600,5540.1899903,5407.2219922,-50.399903,0.007039,0
799967700,5545.859961,5406.43999024,-122.5,0.011994,1
715717500,5541.9499512,5408.75798828,85,0.001338,0
941320000,5512.8799805,5412.27999024,64.200195,-0.002619,0
1059574700,5478.9499512,5419.39398438,-122.299804,0.000709,0
826014000,5446.7899415,5420.58999024,-146.100098,0.011886,0
952410000,5425.3099122,5418.32598634,-200.5,0.002215,0
914555700,5390.6999512,5414.60798828,-156.100097,0.003806,0
733865300,5365.2499512,5413.71198242,-57.899903,-0.002808,1
897909200,5352.909961,5419.63598632,106,-0.016352,1
794447300,5358.9699707,5427.83798826,172.299805,5.4E-05,1
1647245500,5353.359961,5435.03598632,192.600097,-0.01111,0
939174800,5359.3299805,5442.29199218,152.299805,-0.002788,1
857312600,5371.7099609,5450.60798826,63.300293,0.00537,0
932154800,5383.7999512,5452.39398436,57.600097,-0.004164,0
907438000,5414.4599609,5454.60398436,-84.90039,-0.000268,1
841432700,5436.5699706,5457.3219824,-17.699707,-0.008343,0
801332300,5460.1899413,5463.28797848,-55.899903,-0.0108,0
803271700,5467.6399413,5467.89797848,-128.300293,0.00333,0
1273215100,5470.4399413,5470.90397458,-40.600097,0.004374,0
632321300,5461.8599609,5476.70397458,-35.899902,-0.008802,1
779731400,5451.8999999,5481.01198238,32.300293,0.006691,0
803794200,5445.7699706,5486.61998042,24.700195,-0.001763,1
449839700,5447.7599609,5491.20597652,87.799804,-0.010552,1
325749000,5456.6099609,5495.37796872,177.09961,0.007613,1
188110800,5473.6799316,5503.60796872,64.899903,0.009485,1
778529200,5497.7399414,5516.14596676,133.100097,0.010563,0
696937800,5518.8799317,5527.05596676,96.200195,0.012581,0
785646100,5549.8199707,5539.20197262,-87.600097,-0.002342,1
865034500,5580.3999512,5548.68197262,28.200195,-0.00228,0
893410000,5604.6799316,5559.35997066,58.5,-0.01307,0
1382096100,5629.3699219,5570.58197262,-34.300293,0.002725,0
1318584400,5648.8699219,5585.74197262,-34.199707,0.009261,1
792321000,5666.3099609,5598.52197262,40,-0.009689,1
1404271200,5681.9399902,5607.02597654,104.600097,0.00858,0
1315166200,5690.2100098,5614.6979785,26.200196,-0.003507,1
852459600,5698.55,5621.82197264,41.399903,-0.004243,0
916105000,5710.6700195,5627.65597654,23.299804,-0.013941,0
790045200,5708.1100098,5633.00998046,-49.100098,0.014799,0
778100000,5709.1900391,5638.43398438,-80.799804,0.000321,1
1018319100,5722.0200684,5645.23798828,-51.899902,-0.018142,1
985247100,5737.9700684,5653.46598634,119.600097,-0.003482,1
967388600,5756.7600587,5661.49797854,114.5,0.0017,1
785340700,5770.2300294,5668.05397462,99.59961,0.002884,0
809267800,5786.9200196,5671.68797852,79.799804,0.001841,1
973462200,5793.9,5674.69197266,5.200195,-0.016547,0
948790300,5809.2800293,5681.92197266,-23.5,-0.003372,1
641643100,5824.4700195,5691.19796874,10.200195,-0.006318,0
751180400,5847.8700195,5699.0839746,33,0.002705,1
1101911000,5874.2399902,5706.6439746,-0.600097000000002,-0.000204,1
723669700,5887.9899902,5715.99998046,59.899903,0.00879,0
846269200,5900.0399902,5725.43598632,23.100097,-0.002786,0
872089000,5902.5700195,5732.83999024,-28.699707,0.002011,0
966771100,5907.7700195,5741.21798828,-12.600097,0.002897,1
804670300,5905.3700195,5750.18598632,11.299804,-0.002923,0
1201161000,5913.2600098,5761.55398438,-44.100098,-0.005891,1
900749900,5913.8000001,5775.32398438,3.399903,-0.002788,0
736456500,5904.4000001,5787.01598632,39.600098,0.004482,0
859928000,5899.8600098,5800.91598632,-139.899903,-0.011779,1
828107700,5894.0800293,5812.40999022,-51.399903,0.001013,1
854778900,5890.5399903,5823.52598632,96.100098,0.024991,1
800492000,5894.4699707,5832.53598632,33.09961,-0.001906,1
761933800,5899.4699707,5842.06199218,68.399902,-0.003721,1
1830036200,5902.7899903,5849.90999024,72.800293,-0.005356,0
951065300,5904.7799805,5856.79999024,5.200196,0.007878,0
978545300,5900.85,5864.96399414,-74.200196,0.002217,1
907211300,5894.3100097,5871.29399414,-69.100098,0.016406,0
883155700,5902.1300293,5880.12799806,-45.699707,-0.000825,1
1257297400,5897.0600098,5888.29000002,-22.399902,-0.003427,0
931498400,5882.5100098,5895.38400392,-36.700195,0.014522,0
1084172100,5870.0800293,5903.45400392,-127.600098,-0.00987,1
990170000,5861.9800293,5912.56,-40.5,0.004116,1
886248600,5837.790039,5919.24,132.899902,0.004352,0
905682000,5801.240039,5921.00400392,-44.799805,-0.010279,0
1008933700,5775.5700683,5922.36201172,-279.299804,-0.003053,1
1132327600,5757.4200683,5925.12601562,-89,0.015543,1
1115210000,5738.0300293,5924.16401368,114.899902,-0.019825,0
830223000,5725.6,5925.70000978,17.09961,0.018072,1
873962600,5719.1600098,5928.34601564,34.799805,-0.009645,0
958392100,5722.1800293,5929.85601564,92.800293,-0.000533,1
847833800,5711.8900391,5929.7520215,26.90039,-0.01967,0
777185500,5695.3500489,5930.69402346,-79,0.010986,1
807899200,5700.6900392,5933.50402346,-62.700195,0.006531,1
812249700,5714.9100099,5934.21202152,111.5,0.009264,0
784967000,5732.6600099,5935.63202152,28.299805,0.005496,1
653605400,5737.4200197,5936.22202152,35.100097,0.010008,0
962324800,5748.900049,5935.90202152,20.300293,-0.003304,1
788566200,5727.3800783,5931.46602544,-45.600097,-0.002993,0
1006218000,5707.3200685,5927.67602544,-228,-0.001194,1
847647600,5687.650049,5925.76402348,-222.600098,0.003206,1
772576800,5667.6400392,5921.44202152,45.399902,-0.012801,0
883929300,5640.450049,5914.38001958,-78.5,-0.00869,0
876368200,5589.500049,5903.81001958,-137.899902,0.006682,0
1225450800,5546.1700685,5892.09402348,-197.899902,0.006495,1
914314900,5505.2800295,5882.64202154,-133.100098,-0.010734,1
931864300,5456.1100099,5870.06001958,135.699707,-0.005619,0
997826100,5414.4600099,5860.0140235,-38.100098,-0.00634,1
737282500,5391.1799806,5847.8460157,-53.199707,-0.001597,0
863484700,5368.8699708,5836.5560157,30.899903,-0.007212,1
1398519800,5337.3399903,5823.65801764,-29.200196,-0.015175,0
1056087800,5329.2000001,5812.4340235,-37.09961,0.003773,1
1098347700,5330.2199708,5802.8260157,63.200196,-0.000843,1
1030125200,5350.8299805,5793.96801764,187.59961,-0.012059,1
890749100,5368.759961,5785.33201178,89.600097,0.000176,1
831010500,5375.1399903,5776.1160157,36,-0.00726,0
985630700,5396.3799806,5768.2620118,-6.600097,-0.001618,1
2307095100,5410.4799806,5759.45801766,-5,0.002316,1
879532400,5437.3899903,5752.56401374,24,-0.006904,1
785237400,5456.6700196,5747.0100196,87.600097,-0.006402,0
677911200,5475.7200196,5738.8300196,22.600097,0.007417,0
716161000,5482.0100098,5730.0200196,-115.699707,-0.022596,0
631700600,5489.6200195,5722.64202154,-66.700195,-0.014651,1
678486600,5506.3100098,5716.33602546,73.199707,0.013162,1
696936400,5526.7000488,5710.7780274,193.600098,0.005927,1
795293400,5548.440039,5705.24602544,163.800293,0.008733,0
445463400,5569.8200683,5701.27002936,43.899902,-0.006383,1
766719300,5586.9700683,5696.68203132,4.899903,0.002333,0
602832000,5596.7800781,5693.05802742,-21.899902,-0.001629,1
606669000,5606.2400391,5687.83202156,-28.100098,-0.014721,0
667049300,5627.7800294,5684.97402352,-54.300293,0.003439,1
609268500,5649.3200196,5683.38202156,1.600098,-0.000431,0
569289800,5659.8400392,5680.59402352,54.100097,-0.003151,0
602763200,5660.9600099,5676.13202158,-37,0.009854,1
961834500,5645.5799806,5672.33601572,-10.600097,0.012525,0
691607200,5627.0500001,5670.40801766,-95.200196,-0.006932,0
551196900,5607.6199708,5667.68000986,-152.59961,0.015883,0
621394800,5598.6799805,5664.93401376,-35.600097,-0.000272,1
817687800,5595.759961,5664.60401376,74,0.008123,1
645790800,5606.209961,5663.95401376,137,-0.008123,1
554180400,5605.8299317,5662.3080079,139.59961,-0.003636,0
805200700,5618.319922,5662.6100001,27,0.00684,1
748571600,5636.2898927,5665.47399424,74.5,0.001894,1
613098000,5656.2599122,5668.31399424,146.5,0.014707,1
741075800,5687.5799318,5669.71399424,64.200195,0.005356,0
466836800,5720.8499025,5671.59599618,38.300293,0.000179,0
410230200,5757.4999025,5672.64798838,-19.600098,-0.003881,1
627904000,5783.479883,5674.14598642,17.699707,0.012812,0
560382800,5805.6999025,5675.96398446,1.100098,0.002411,1
501843600,5811.8399415,5680.8459864,-7.299805,-0.003187,0
535193100,5823.2699708,5685.49798836,-58.799805,-0.013994,1
636105200,5822.2000001,5689.51999032,-80.899902,-0.002816,0
487763900,5818.8900391,5695.72399422,2.399903,0.01253,0
524544700,5804.8900391,5701.20199226,-0.899903,-0.000437,0
851664900,5796.0200195,5711.01798834,-65.100098,0.002909,1
394561500,5780.0300293,5718.36798834,-17.300293,0.003698,0
628708300,5759.340039,5723.45999028,-39.5,-0.018396,0
737252900,5753.7700195,5733.67798834,-100.5,0.002715,1
1097422200,5747.240039,5742.51999028,105.299805,0.013481,1
779957800,5748.0300293,5752.21599614,134.300293,-0.017689,0
1101683900,5752.3600097,5762.19599614,4.800293,-0.009424,1
819530100,5766.2600097,5775.3039942,27.699707,-0.009782,1
1506216700,5778.0399902,5785.49199224,133.5,0.004404,0
691683900,5792.35,5793.6279981,73.600098,0.00251,0
656511300,5801.7700196,5801.20599616,-61,-0.013817,0
1202461200,5818.4500001,5808.30599616,-40.899902,0.001003,0
736974100,5838.6300294,5816.1579981,-15.800293,-0.012029,1
737347700,5837.7100587,5821.94400396,7.100097,-0.005167,0
685626300,5840.5400392,5828.532002,-70.699707,0.001295,1
690293800,5843.2800294,5833.39400396,-39.200195,0.001104,0
704898700,5843.8700197,5839.63599616,41.399902,0.009696,1
606196800,5835.0899904,5847.17798836,5.299805,0.010927,1
817156300,5832.8399904,5855.65798836,18.299805,-0.002414,1
883077400,5825.0500001,5860.71399422,45.200195,-0.00732,0
681615400,5822.7699708,5864.49798836,-51.09961,0.003321,1
693356400,5818.2199708,5866.60998056,-41.200195,-0.003613,0
888088200,5812.8099611,5869.03198252,16.59961,0.009335,1
695435700,5823.0499513,5872.58998056,-24.199707,-0.006236,1
877624500,5830.6199708,5877.2619825,77.200195,0.001616,1
829321100,5837.959961,5881.62998054,90.600097,-0.007342,0
540270400,5835.1699707,5885.42198248,12.399902,-0.010057,0
654156800,5832.8699707,5888.19597662,-98.300293,-0.000504,1
953707400,5826.2799805,5891.04998054,-78.100097,0.004781,1
654435200,5833.5999512,5895.46597662,7.200196,0.000217,1
403992400,5828.8899902,5898.08398442,45.100097,-0.001517,0
874664200,5835.7499999,5904.64398442,-22.399903,0.016114,1
1042591700,5842.0499999,5912.03198248,12,0,1
855128600,5838.9100097,5918.84798834,85.899903,0.000885,0
565871300,5826.9,5922.9059864,-22.799804,-0.008291,0
729278400,5815.5800293,5925.5939942,-92.5,0.002193,0
708900000,5812.5200196,5926.6839942,-69.399903,0.0046,0
654357700,5810.6700196,5929.1639942,-8.800293,-0.022088,1
950283500,5802.3600098,5927.8579981,16.59961,-0.00281,0
865457700,5791.1400391,5926.4360059,-45.299805,0.009613,1
745281500,5787.6800294,5924.36800786,-48.59961,0.000795,1
803266300,5776.6900392,5922.4660059,26.100098,0.012407,1
640008800,5768.9300294,5921.64800786,14.299805,-0.003468,1
511821700,5766.9300294,5920.73401372,42.899902,-0.010768,1
427505000,5769.6500001,5920.14000982,67.100098,-0.008222,0
610194800,5779.7099611,5920.39600592,12.299805,0.003957,1
652938200,5789.6599611,5922.24799812,51.199707,0.001555,0
699163600,5798.1500001,5924.14000006,63.5,-0.01386,1
512045500,5812.8500001,5925.9879981,0.90039,0.000612,0
596025500,5830.5199708,5928.76199224,2.200195,-0.004202,1
584102500,5847.8699708,5932.9639942,43.199707,0.002486,1
463904100,5865.1699708,5936.29599616,52.600098,0.001363,1
514655800,5880.659961,5941.7739942,10.600098,0.009136,1
629912400,5891.709961,5947.20799812,24.299804,0.005831,0
557270400,5904.9699707,5950.38000006,4.600098,0.00573,1
664063300,5914.1,5953.76799812,-10,0.003342,1
743375800,5923.25,5957.29199226,32,0.004796,0
596569500,5930.1299805,5959.69399422,22.399903,0.003402,0
933059900,5938.65,5960.46599616,-21.600098,0.002112,1
149881300,5936.9899903,5960.55199226,-4.09961,0.004192,0
164636500,5947.5699707,5964.00798834,-42.200195,-0.001556,1
652659400,5959.7999512,5967.90198248,73.199707,0.005199,1
470665900,5974.1899415,5972.92198248,149.5,0.00824,1
548929200,5987.6899415,5977.01998054,62.399903,-0.004006,0
571661700,6004.2499513,5983.68797858,17.300293,2.5E-05,1
764650200,6020.2499513,5989.70998054,11.700195,0.000975,1
685724400,6035.209961,5995.67797858,57,0.008042,0
628350000,6052.9399415,6001.50797858,6.399902,-0.008042,1
700998500,6067.919922,6007.03198248,-4.300293,0,0
818412100,6096.2399415,6013.23198248,-3.899902,-0.00307,1
401154800,6111.4199708,6021.28198248,63.700195,-0.005634,0
558352800,6126.4500001,6028.63798834,75.200195,-0.003454,1
685179700,6143.9600098,6038.06999028,16.600098,-0.000246,1
655654900,6165.95,6047.64798832,85.699707,0.011904,1
585517400,6188.1100098,6056.69999028,86.899902,0.006146,1
691737600,6203.6399902,6064.31398442,58.200196,-0.004095,0
809378600,6227.5700195,6073.59999028,-7.600098,-0.003798,1
686175200,6240.5200195,6082.57798834,24.100097,-0.011829,0
765896900,6258.4,6092.13798834,-30.100097,0.007353,1
612214600,6266.6899902,6101.31398442,-64.40039,0.014133,0
589359300,6276.4799805,6109.85798834,17.100097,-0.005408,1
448134200,6290.5599609,6120.97198248,-5.699707,0.008925,1
813154300,6299.9799805,6130.9159864,74.5,0.000152,1
756377700,6304.2699707,6140.09198248,82,0.003557,0
713898900,6309.8699707,6150.89198248,-11,-0.012608,1
672871900,6321.7199707,6163.27797856,20,0.004248,1
756333900,6316.1499512,6173.71397466,68,-0.015227,0
733017000,6325.0399902,6185.08198246,-87.600098,0.001237,1
702828200,6332.2999999,6196.4639844,-59.699707,0.008965,1
994472400,6341.9899902,6209.2399805,63.899902,-0.015229,1
909994200,6352.1399902,6222.05797856,25.09961,-0.001865,1
1106390100,6352.8600098,6234.00797856,23.200196,0.005163,0
704235700,6360.15,6247.60797856,-15.199707,-0.005163,1
683437100,6370.1700196,6260.33998052,53.399902,0.004917,0
1098361600,6382.6200196,6274.02998052,82,0.013355,1
625234000,6394.1400392,6288.17598638,71.600098,0.005108,1
616794400,6413.1400392,6300.39999028,83,-0.002521,0
666282400,6432.5100099,6313.65199222,-22.100098,0.00126,1
791452600,6445.9400392,6326.02199222,18.799804,-0.004775,0
1262249400,6453.9900392,6337.46798832,8.200195,0.005027,0
679522800,6459.4000489,6347.83399418,-88.100097,0.008363,0
724526500,6463.7000489,6357.17399418,-57,-0.000764,0
641944200,6459.7800294,6366.52999028,-52.699707,-0.006085,1
768806500,6454.8600098,6375.17999028,-39.90039,0.006594,0
768298200,6445.6700195,6384.82199222,-10.200196,0.005495,1
731507000,6443.6800292,6395.91799808,18.90039,0.00244,1
913557400,6437.5600097,6405.09199222,112.300293,-0.013189,0
676016200,6419.0300293,6412.80799808,8.59961,-0.000329,0
680161200,6395.0399903,6419.00399418,-146.600097,-0.007301,0
668684100,6389.65,6427.66798832,-170.5,0.005028,1
678441400,6387.9899903,6438.03399418,43.299804,0.002753,1
556826000,6387.5699707,6445.17399418,166.300293,-0.005271,0
521445800,6382.65,6451.10000004,-3,0.006817,0
576452100,6375.2700196,6455.3960059,-72.5,0.003557,0
609897600,6362.7600099,6459.8360059,-79.799804,-0.010877,0
694202900,6341.7500002,6463.41800786,-57,0.004535,0
603305900,6340.3300295,6469.10800786,-24,0.004638,1
719139100,6349.1000002,6475.58600592,119.5,0.008097,1
735699100,6368.3800295,6482.09201178,151.199707,0.003861,1
739178900,6372.6500491,6488.61401374,36.5,0.006995,0
1079343900,6376.1700198,6494.02000984,-1.699707,-0.00104,1
409459900,6383.8000491,6499.65000984,8.699707,0.002343,1
744888400,6401.5900393,6506.12800788,30.600097,0.003343,1
768857600,6426.86001,6511.97600594,70.200195,5.2E-05,1
795845400,6460.7000002,6518.78600594,96.59961,0.010273,1
807522700,6495.8199709,6524.96000008,103.5,-0.004757,1
560542000,6523.8199709,6533.144004,74.5,-0.001054,1
618403700,6550.0000002,6540.07200206,61.100098,-0.003021,1
690863200,6574.5199709,6548.89200206,61.800293,-0.000105,0
766342800,6611.8999513,6559.314004,1.699707,-0.006892,1
763672400,6650.7999513,6570.84200206,110.299804,0.007128,1
964619800,6674.4099123,6579.2359962,152.5,-0.004707,0
987091200,6687.6898928,6585.55399426,-107.100097,-0.000912,0
787892200,6708.1599123,6593.6119923,-186,-0.00013,1
658595500,6703.9699221,6598.72599622,65.200195,-0.005967,0
1182587300,6693.2999514,6601.64599622,-71.199707,0.00207,0
780013000,6680.5499514,6604.91000014,-236.899902,-0.011066,1
806462900,6653.1199221,6607.46599624,-24.5,-0.006618,0
800986600,6617.9499514,6607.4739943,-105.800293,-0.013571,0
680974000,6571.569971,6607.16799822,-222.5,0.002746,1
736368300,6517.4899905,6605.94200212,-79.199707,0.001501,0
693795800,6478.2700198,6604.46200212,-36.600098,-0.006685,1
824350700,6443.6700198,6603.71599626,-35.5,-0.007713,1
734161700,6400.5200198,6601.68599626,8.799805,-0.002456,1
575444200,6358.16001,6596.3239943,25.899902,0.00221,0
874375000,6317.2700197,6588.57599624,-148.799805,-0.001228,0
1508289800,6264.3200197,6578.94599624,-214.299805,-0.00343,0
864109800,6232.5800294,6571.35399428,-130.399902,-0.015178,1
786471900,6215.5200196,6564.07599624,-14.300293,-0.008653,1
754668000,6212.2899903,6560.43798844,136.399902,-0.004491,1
657027100,6212.7299805,6557.68999038,205.899903,0.003307,0
560698900,6205.2599609,6553.63398452,138.399902,0,0
663008700,6216.5999999,6554.29598646,-77.899903,0.009765,1
824171700,6221.0999999,6553.94999036,117.800293,0.004086,0
725870000,6255.6499999,6556.48199232,145.600098,0.001447,1
606500700,6298.3699706,6559.11598646,83.299805,-0.005149,1
646067300,6349.949951,6560.1999806,167.899902,0.008294,1
595530200,6398.3699706,6563.51598646,39.899902,-0.004833,1
585046200,6437.4599608,6567.76198254,42.700196,0.00338,0
746494800,6469.7499998,6575.37999034,11.5,0.016134,1
756017500,6501.6800291,6580.0959962,44.600097,-0.002959,0
502867700,6538.4300291,6583.72199228,66.800293,0.003354,0
673295800,6558.2999998,6588.44199228,-33.300293,-0.001383,1
595811200,6579.5499998,6593.32999032,-2.800293,-0.010535,0
505142900,6586.1499998,6598.65798836,-9.399902,-0.001702,0
696264300,6593.9200194,6605.34798836,-49.399902,-0.001699,1
751660600,6607.6300292,6613.3759864,33.100098,0.00706,1
977036100,6613.8100096,6618.21198248,111,-0.006575,0
660354400,6620.1300292,6621.96798834,26.799804,-0.005316,0
604089200,6610.0300292,6623.70999028,-62.399902,0.016378,0
566013400,6606.0499999,6626.77598636,-118.199707,0.000911,1
632934600,6603.7399902,6629.23598636,-36.200196,0,0
478927500,6602.8899902,6632.2599805,44.59961,-0.010711,1
568866800,6602.8299804,6633.57797854,28.5,-0.005373,0
678146300,6592.2999999,6631.74598634,13.100097,-0.005048,0
467686900,6575.5399901,6628.31598634,-146.199707,0.005048,0
620943400,6546.4199706,6623.49598634,-133.899902,-0.001205,0
607065300,6526.3199706,6618.71198242,-74.90039,-0.000722,1
501840600,6513.5699706,6614.68198242,-6.600098,-0.008375,1
485422600,6508.9099609,6610.58798828,101.300293,0.015627,0
876297500,6491.8599609,6602.76798828,36.200196,0.004139,0
797043300,6485.0499999,6596.08599608,-79.200196,0.003916,1
596599000,6470.6999999,6591.51799802,23.100097,-0.001716,0
737860300,6459.4300292,6587.92600582,55.5,0.007133,1
717066000,6465.9300292,6583.30000972,-31.5,-0.01104,1
586569100,6478.9800292,6583.31800776,62.300293,-0.008962,1
730044200,6498.7400389,6584.58400384,109.299805,-0.001684,1
709330400,6512.9500487,6585.19200188,57.699707,-0.00144,1
616038700,6522.1200194,6588.48200188,5,0.01992,0
495637800,6529.6899901,6592.93599602,-4.600097,0.004195,0
793615500,6550.9399901,6598.6419921,-30.200195,-0.001483,1
799392100,6559.9599608,6604.57999014,41.600097,-0.004555,0
1534434000,6568.8599608,6609.63598622,37.600097,-0.012299,0
592407000,6578.5399413,6614.89999012,-68,-0.002895,1
663765500,6576.7399413,6618.54399402,-24.899902,0.013821,0
556754000,6564.5599608,6624.59799792,-44.699707,-0.006613,0
667902900,6551.7199706,6631.47399402,-109.299805,0.002824,0
599067900,6536.5699706,6639.64199206,-52.700195,0.005408,0
575169900,6523.0899901,6646.58399402,-24.700195,-0.003919,1
617408100,6503.7899901,6650.58999012,-11,0.003796,0
718013100,6475.0399901,6651.19199206,-71.700195,0.000983,0
605274000,6458.4499999,6653.72399402,-111.100098,-0.000246,1
631265600,6451.4300292,6658.86999988,64.700195,0.000491,1
545658000,6445.0500487,6660.58999988,149.300293,0.005429,1
434972100,6451.4000487,6664.60400378,77.200195,-0.00469,1
669589600,6467.440039,6666.95600574,89,0.002218,1
710029000,6486.8600585,6669.1720116,114.899903,0.006817,1
494967200,6512.680078,6672.18801746,78,0.010451,1
575007300,6535.230078,6673.9560155,73.100097,-0.002569,0
643936600,6571.230078,6677.34401356,20.299805,-0.005488,1
590265200,6614.9101073,6680.22401356,30.09961,-0.001023,1
781277300,6649.6301268,6683.31401356,100.200195,0.003324,1
656351600,6674.0500975,6685.99401356,51.90039,0.000175,0
742779000,6696.7500975,6688.28001942,-43.300293,-0.003748,1
675463600,6713.3000975,6691.35402332,-43,0.008271,1
636589100,6720.7601072,6693.87802722,10.300293,0.000756,0
641427800,6726.1800779,6695.6240233,-37.5,-0.001512,1
598943100,6729.4500486,6696.55202134,-33.300293,0.004038,1
633862400,6734.6800291,6698.1300194,31.199707,0.002788,0
589417300,6731.4400388,6699.60601548,18.399903,0.007448,0
587733600,6726.3200193,6703.48201158,-35,-0.001613,1
538915700,6718.3499998,6705.77401354,-3.299805,0.007993,0
532008000,6713.3200194,6707.9100194,4.600098,0.003625,0
558048100,6707.9799804,6709.29801746,-42.399902,0.004684,1
483785600,6697.4299804,6710.27402332,-16.700195,0.007077,0
985378000,6692.6599609,6713.95001942,-44.899903,0.002109,1
580621900,6687.2699707,6717.97001942,-31.799805,-0.000264,1
462672900,6679.4899903,6723.16602528,18.299805,-0.001318,0
535923900,6666.3399903,6726.13402334,1.100098,-0.000921,0
559055100,6646.8299806,6726.25801748,-59.200195,0.000921,0
558155700,6629.6799806,6727.63601552,-152.300293,-0.000527,1
564649300,6615.8299806,6730.56801748,-43.299805,-0.003153,1
506215400,6600.0499513,6730.91000968,61.200195,-0.001572,0
553693100,6582.6899903,6731.69601554,-28.700195,0.005437,0
524482100,6571.2899903,6732.64601554,-51.799805,-0.010811,1
653797800,6554.9600098,6731.75601554,-1.09961,0.000416,0
584054600,6538.7200196,6729.9180175,-21.5,0.00026,1
529477900,6532.1300293,6729.84402336,-30.100097,-0.003116,1
648648400,6533.2600586,6730.19602532,98.5,0.0086,1
1096668200,6558.5200683,6733.53802726,114.5,-0.004755,1
291262200,6576.4500488,6736.98802726,166.199707,-0.01048,0
295360600,6595.4100586,6739.46203118,124.699707,-0.003719,1
153445200,6614.8700683,6741.89203118,-1.799804,0.001075,0
459529100,6637.1700683,6745.35803704,-13.399903,0.003828,1
374841500,6657.1300293,6748.36403314,-18.399903,0.001314,0
720025300,6677.6399903,6751.93602534,3.899903,0.002195,0
782896500,6702.4199707,6757.49001948,-39.40039,0.004902,1
811611800,6719.6699707,6763.43402338,18.100097,0.000703,1
598026900,6735.6999511,6770.02202142,65.90039,-0.008007,1
568346600,6743.5399414,6777.62801752,27,-0.005908,1
999744600,6754.0799804,6787.04602532,72.09961,0.002487,1
424810700,6762.5999511,6796.97402338,69.800293,-0.007386,0
618281400,6773.4399414,6804.89001948,5,0.008259,0
548735700,6777.6999024,6810.61201168,-10.40039,0.008656,0
668664300,6759.9499024,6811.34400388,-61,-0.002283,0
990211400,6744.6699219,6810.58999998,-282,-0.00645,0
755894300,6721.7199219,6808.34599606,-234.799805,0.004381,0
751205000,6692.5699219,6804.57599606,-33.899903,0.005965,0
829888700,6660.8099122,6799.64798826,-72.799805,0,0
922887700,6635.0499512,6797.59199216,-61.100097,-0.011322,1
708467800,6610.5399415,6794.90799802,106,-0.003636,1
593694900,6594.3799805,6792.86799802,142.300293,0.000766,1
934913300,6579.25,6790.81399412,101,-0.001022,1
820072000,6567.8600097,6789.37399412,83.399902,-0.00046,0
1170917600,6593.0700194,6790.60798826,-13.300293,-0.008329,1
828311700,6618.8900389,6791.70798826,121.399902,-0.001615,1
793947100,6649.1500487,6794.02398436,137.300293,0,1
745785700,6686.390039,6796.61798828,16.600098,-0.003698,1
1024984200,6728.0500487,6799.36798828,41.399903,0.002438,1
1068068300,6751.9100097,6801.03798828,52.899902,0.004013,0
860420000,6773.7200194,6803.36399414,-27.800293,-0.001138,0
924578400,6777.2899901,6803.06199218,-56.199707,0.003189,0
829082600,6792.1699706,6805.57798828,-101.899903,0.004324,1
734136300,6803.7699706,6807.46398436,14.09961,-0.002801,0
630136500,6793.0799804,6807.62798826,67,0.008662,0
820416900,6781.9599609,6808.61398436,-134.299805,0.00054,0
868947800,6762.7499511,6808.0419824,-89.899902,-0.001028,0
891943200,6734.3199218,6806.0279785,-68.600098,-0.00077,0
895818900,6700.5199218,6803.57397458,-131.700195,0.00257,0
847299400,6676.7999511,6803.12998044,-93,-0.0018,1
1051188400,6650.0699218,6804.01198238,19.300293,0.00748,0
795074200,6634.9499511,6804.11598628,14.5,0.000312,1
1501522000,6604.6099608,6803.33398432,-15.899903,-0.000778,0
762850300,6587.5599608,6804.96598626,-22,-0.004313,1
674287000,6580.1699706,6807.12398432,47.699707,-0.001442,1
1001322600,6571.4599608,6808.64797846,95.200196,0.003841,0
868366300,6574.6299804,6811.97597652,-6.5,0.004456,1
857737300,6585.1499999,6815.31397456,37,0.001821,1
973749400,6597.2700195,6816.60197262,60.600098,-0.002081,0
670678000,6599.0300292,6816.28397456,-3.5,0.005996,0
1056680100,6608.3500488,6813.97797848,-68.299805,0.002884,1
758993600,6616.8300293,6812.19198238,-13.5,0.004476,1
671373100,6620.9600586,6808.44398432,51.299805,0.000265,0
817952500,6618.8500489,6805.76198238,-73.899903,0.002115,1
983152200,6619.8200196,6803.65397458,-58.200195,-0.011647,1
842349900,6628.1600099,6802.85397458,63.59961,-0.002529,1
843999800,6630.3700196,6802.52198238,98,0.000521,0
637850100,6634.7700196,6801.78398434,49.40039,-0.001041,1
616106700,6638.4300293,6800.35398434,21.200195,-0.00104,0
578697500,6657.3600098,6800.6159863,11,0.004689,1
773112200,6674.6899902,6800.20798824,77,0.007348,1
649344400,6692.7299804,6799.92198238,123.199707,0.001055,1
746449000,6716.4199707,6799.20798824,42.399902,0.000555,0
732623500,6737.6799804,6798.60999018,-10.299804,-0.017016,0
768894900,6760.3299804,6800.17999018,-26,-0.001447,1
565733200,6779.4600097,6806.75599604,53.199707,0.005414,1
631554800,6799.8399902,6813.55599604,76.700196,-0.006033,1
529825700,6813.6299804,6820.16599604,26.700195,-0.004631,0
896969900,6830.6399414,6827.96798824,-32.200196,0.014755,1
985979600,6834.7399414,6835.40199214,-22.700195,-0.003597,0
733746900,6835.909961,6840.3799902,-19.899902,-0.004978,0
564880200,6835.2499513,6844.86398434,-35.199707,-0.000258,0
485846000,6839.8799317,6848.30797848,-5.200195,-0.007203,1
585487200,6845.359961,6851.83198238,24.299804,-0.002557,1
577490600,6846.5899903,6855.9259863,35.40039,-0.012159,1
573724300,6842.909961,6856.72398436,19.200196,-0.001758,0
505128700,6836.9199708,6857.16198242,-14.90039,0.000126,0
575435900,6834.1799806,6857.17198242,-45.5,-0.000628,0
627405700,6834.4200196,6857.57398436,-22.799805,-0.004997,1
774866500,6836.2100098,6857.03398436,39.600097,-0.000772,0
676538600,6838.4600098,6857.68999022,25.399902,-0.007652,1
527380800,6834.6700195,6857.05398436,-15.100097,0.004944,0
640614600,6825.6400391,6857.97798828,-61,0.004976,0
604240100,6817.2000001,6856.83798828,-88.5,0.007245,1
577374400,6813.3100098,6857.83399414,-11.100097,-0.016524,1
1020446400,6809.7400391,6860.0559961,70.600097,0.005047,0
466639400,6806.5900391,6862.08799806,33.800293,-0.008886,0
570127000,6798.6000489,6864.34200198,-38.100097,-0.000245,0
585547600,6786.2900392,6867.96800784,-67,0.004602,1
902551300,6782.6900392,6873.46800784,-52,0.00921,1
514345100,6780.0200196,6878.33400392,69.299804,-0.014548,1
479498000,6788.7500489,6884.79000978,81.299804,0.001964,1
523958700,6799.9000489,6890.96800784,62.300293,-0.014342,1
329363500,6805.5700684,6897.0300098,49.700196,-0.004643,0
389059700,6790.2900391,6898.3800098,-41.700195,-0.000647,0
764873500,6779.2500488,6899.87201174,-193.700196,-0.000264,1
533174800,6775.1500488,6902.82601566,-133.299805,-0.005014,1
468494700,6772.840039,6903.9840137,73.700196,-0.019737,0
604327700,6777.8000487,6906.4980176,20.299805,0.003255,1
610714400,6770.3500487,6908.08401368,38.600097,-0.016522,0
470701900,6768.240039,6912.17600588,17.899902,0.006685,1
538472400,6761.540039,6915.42800782,10.59961,-0.003418,1
589203600,6757.0800292,6919.01800782,69.800293,0.003763,1
541591300,6753.890039,6923.61600588,26.200195,-0.00023,0
661620000,6763.990039,6927.40800782,-6.600097,-0.012929,0
692780400,6767.9800293,6929.50401368,-48.100098,0.009258,0
919865400,6761.290039,6929.45202148,-61.5,0.000916,0
695334800,6757.990039,6929.50801758,-94.199707,-0.014097,0
522832700,6747.7700195,6929.09801758,-52.600098,0.002952,1
512852200,6731.6700195,6926.73201172,3.299805,-0.011628,0
645423400,6715.4200195,6923.78800782,-110.100098,-0.000467,1
494367000,6698.8399902,6920.25800782,-49.700195,0,0
448281800,6682.3600097,6916.94401368,65,0.002002,1
527733500,6671.7299804,6914.67800782,23.90039,0.016464,1
512629300,6672.3199707,6914.33600588,52.899903,0.001756,1
463536900,6674.8599609,6912.41000978,122.59961,-0.000867,0
466211000,6684.7099609,6910.50201172,70.200195,-0.000228,1
423431000,6694.4899414,6908.43800782,-1.59961,0,0
571522600,6708.5199219,6908.07600588,19.799805,0.008549,1
538317700,6733.7599122,6907.35600588,45.09961,0.006388,0
720978600,6753.0099122,6907.44200198,44.5,-0.006688,1
404272400,6772.6899415,6907.61400392,2.5,-0.001611,1
820230900,6794.3799318,6908.77000978,9.40039,-0.003395,1
674899700,6813.6499513,6909.43201174,48.300293,0.006852,1
689038700,6819.1999513,6909.10400394,48.799805,-0.000162,0
754127500,6826.5499513,6908.40200198,-38.800293,0.002707,0
580798600,6831.7899416,6908.27800784,-49,-0.0115,1
585612100,6834.2199709,6907.89800784,-4.699707,0.003203,0
648015500,6832.6399904,6907.76800784,-29.399902,0.008621,1
552974800,6828.7500001,6906.22200198,-23.100098,0.012294,0
596526700,6828.1500001,6905.83000004,-18.700196,-0.008668,1
644480400,6829.0199708,6905.72599612,12.299805,0.00608,1
1551957500,6819.0199708,6905.64000004,57,0.000235,0
675055200,6798.8299806,6904.07000004,-45.699707,0.006605,0
762840800,6780.2899903,6901.72200198,-161.799804,-0.003781,0
589221500,6762.0500001,6898.15000004,-124.200196,-0.005661,0
564786600,6741.3100098,6894.59200198,-29.5,0.006368,0
882273900,6717.1,6890.00000002,-26.699707,-0.011708,0
789707300,6681.0399902,6884.2559961,-89.100098,0.003961,0
807089800,6652.5100098,6879.4659961,-176.300293,-0.005817,1
858099000,6618.8000488,6873.05200196,-61.899902,0.007454,0
822967200,6578.2000488,6865.36200196,35.800293,-0.006991,0
864389000,6534.840039,6854.85799806,-63.700196,0.00498,0
897708400,6503.8500487,6844.86,-142.200195,0.015709,1
846365400,6458.5000487,6832.30799804,-65.699707,0.005501,0
1697447000,6424.8700194,6825.0659961,-144.100098,0.00024,1
1106053200,6389.3100097,6816.60399416,-55.90039,0.004333,0
723302900,6370.7899902,6809.1279883,71.200196,0.003436,1
856658100,6366.1200195,6802.9119922,62,-0.003484,1
727170300,6352.9100097,6794.4879883,132.600097,0.004163,0
781565600,6344.9100097,6787.96399416,-8.799805,-0.004115,1
800681500,6347.1100097,6781.1359961,2.5,-0.005772,1
700842900,6359.4700195,6774.44399416,90.399902,0.006303,1
815851600,6377.5,6768.94399416,61.399903,-0.009699,1
1062914700,6411.8200196,6763.89399416,92.600098,-0.010403,0
769396700,6435.9100586,6759.45000002,75.5,-0.003288,1
799914900,6465.9200683,6756.19200196,4.700195,-0.008182,1
764955100,6489.8200683,6754.83399416,28.100097,0.001276,1
575418400,6512.590039,6753.8319922,60.09961,0.003702,1
764945500,6541.6800292,6753.26999024,60.199707,-0.009578,1
627535100,6568.6600097,6755.3619922,43.100097,0.008109,1
537365300,6594.1800293,6756.88799806,44.600098,-0.010227,1
653233800,6617.4800293,6758.17200198,54.700196,-0.01249,0
802689100,6630.7200195,6758.61599612,24.600098,0.005991,0
640496600,6649.9200195,6759.53200198,-30.200196,0.003609,1
907288200,6667.7200195,6758.53000978,34.5,-0.002217,0
586890500,6683.3399902,6757.88800782,50.300293,-0.008287,0
517208400,6694.4700195,6756.78600588,-7.700196,0.010527,0
839390500,6697.3700195,6754.40800782,-6.600097,0.009771,0
728046400,6699.8700195,6751.54000976,-67,-0.001992,1
699897800,6706.95,6750.00000976,-43.200196,0.011231,1
678464700,6703.2600097,6746.93801756,86.399903,-0.001758,0
513903800,6686.5499999,6740.94401366,-7.199707,0.009948,0
951132300,6668.6600097,6733.4720117,-213.299805,0.019923,0
692354700,6613.8200194,6719.5660156,-172.200195,-0.007148,0
985776000,6574.0799804,6709.5060156,-346.799805,0,1
1037451400,6535.3899902,6699.6560156,-168.200195,0,1
745851900,6509.7299804,6692.37401364,153.799805,0.015026,1
967411900,6498.6199707,6687.28800778,134.200195,0.003253,1
1144608500,6491.6699707,6683.34600582,208.799805,0.000914,1
253486900,6480.7399902,6680.39800778,143.899902,-0.000519,1
350346200,6468.2199707,6674.95201168,88.200195,-0.008086,0
337948000,6471.8799805,6669.5160156,-62.899902,-0.015446,1
125563600,6476.659961,6665.00000974,-67.399902,0.00346,0
367562200,6500.369922,6659.87400388,0.799804999999999,-0.0128,0
688211500,6524.1899415,6658.28600584,-146.300293,0.005824,1
882740200,6540.6499513,6655.37600584,22.200195,-0.003048,0
738488500,6544.1899415,6652.94999998,81.300293,-0.009096,1
602313100,6543.8799805,6652.64400388,-68.600098,-0.006759,1
673572900,6537.9199708,6654.72200194,41.100097,-0.005359,1
805741900,6533.1199708,6656.51999998,48.899903,0.00118,1
537915700,6540.4299806,6659.27799804,43.299805,-0.006364,1
677002900,6556.6199708,6665.2,69.800293,0.012151,1
847589600,6581.5000001,6674.33200196,142.5,-0.023545,1
926018400,6620.6800294,6683.24000002,176.5,-0.015955,1
713907000,6646.2700196,6695.84000002,83.600098,0.007432,1
779603800,6677.2200196,6705.84600588,29.299804,-0.009223,0
704517100,6702.0200196,6715.49200196,-1,0.031854,0
799357300,6726.0600099,6723.69800782,-76.5,-0.000138,1
757554400,6757.6200196,6733.02200196,-28,-0.007496,1
731200400,6784.4100098,6742.82,116.5,-0.000365,0
648533700,6806.1200195,6751.52,70.799804,0.00384,0
620697200,6816.2300293,6759.02400392,-28.699707,0.007138,0
773108400,6818.390039,6766.11600586,-24.299804,0.001227,0
623275800,6822.940039,6772.32800782,-19,0.006282,1
415979100,6830.1600586,6779.50800782,28,0.008032,1
612932700,6838.9100586,6786.44600588,79.899903,0.000969,0
677405400,6852.8600586,6792.88000002,41,-0.006638,0
641759700,6866.1200683,6798.95800782,-9.200196,0.007323,1
764028800,6873.0700683,6805.11800782,17.100097,0.001066,1
697704800,6882.7000976,6811.02401368,46.5,-0.005077,1
782087000,6893.6500976,6816.51801758,34.5,-0.009962,0
881579100,6904.8000976,6821.14801758,11.300293,-0.006707,0
778879400,6911.8900879,6824.99801758,-9.100097,-0.005461,0
784037600,6917.3600586,6829.65601564,-57.600097,0.016689,1
748637900,6915.2000488,6832.56401368,-28.800293,0.006666,0
670579200,6895.6700195,6832.03600588,-12.600098,-0.000896,0
887272000,6878.9300293,6831.99800784,-209,0.015196,1
746833900,6863.5200196,6832.76800784,-155,0.0039,1
845927100,6853.7400392,6836.39201176,58.300293,-0.002193,1
757362800,6853.2900392,6841.70801762,116.100098,-0.005588,1
772632700,6854.8500002,6846.09801762,184.100097,-0.00074,1
809174400,6863.0399904,6853.10401372,124.699707,0.006544,1
1419421400,6877.9000001,6863.26801762,77.299805,0.012597,1
673591200,6876.2500001,6871.17401372,75.40039,-0.001711,0
936518300,6874.1000001,6884.62000982,-127.200195,0.002396,0
736697300,6892.9600098,6895.81201176,-182.700195,0.001496,1
639393900,6898.1100098,6904.54201176,-3.899903,-0.004722,0
900335700,6902.95,6911.41201176,-82,-0.001948,1
800482200,6912.9299804,6919.2540137,-81.899902,-0.001628,1
865524000,6919.9499511,6927.3640137,164.399902,0.000388,1
698600800,6932.6999511,6936.4900098,205.899902,-0.003683,1
801926500,6936.8799316,6946.8360059,152.399903,-0.002052,0
592637100,6940.6398926,6957.02000004,48.899903,-0.002095,1
669927300,6950.5699219,6965.9560059,-14.5,0.001251,0
776519900,6970.2799317,6978.60201176,-69.699707,0.002799,1
583888000,6987.4299317,6988.4600098,-23.199707,0.00167,1
655787700,7012.9499512,6999.00201174,68.299804,0.005835,0
785146300,7037.3699707,7010.0480176,-23.899903,-0.003215,1
714656500,7046.6799805,7019.8140137,-9.199707,0.004607,0
796371600,7039.7699708,7027.7340137,2.299805,0.006161,0
767322400,7026.8500001,7035.23601566,-107.40039,0.003532,1
906266700,7019.0200196,7042.5540137,-69.899902,0.009312,1
838058900,7004.2500489,7046.54601566,39.700195,-0.002151,0
1019856100,7009.4700196,7051.5500098,-33,0.013173,1
1385914100,7007.25,7055.91600588,60.799805,-0.00332,0
792210200,6994.3399903,7058.07400394,102.299804,0.000202,0
839991900,6986.4799806,7060.85400394,-113,0.022812,1
795743700,6978.4099611,7065.3260059,-80.299804,-0.009522,1
603503300,6974.8699709,7069.5760059,39.200195,-0.002107,1
778022500,6980.9699709,7072.40400396,45.5,0.002467,1
825148300,6986.2599611,7075.60600592,34.299805,-0.004567,1
565597600,6990.8299806,7079.49600592,18.399902,0.00779,1
621811200,6992.9699708,7081.89400396,24.40039,-0.003635,0
672679700,6986.7299805,7085.2179981,-64.5,0.013147,1
1177305700,6979.1000001,7087.1479981,-47.300293,0.001806,0
694968900,6978.5500001,7087.75199224,4.600098,0.000524,0
864607700,6978.6399903,7088.79999028,-56.100097,0.004338,1
701168000,6967.2600098,7088.20599614,-3.100098,-0.007869,0
783604900,6943.1299805,7084.97798834,-69.09961,-0.0121,0
682109200,6927.0700195,7083.2039942,-196.700195,0.008505,1
678574100,6904.2100097,7079.90798834,-12.5,-0.01659,0
592427400,6872.0899902,7075.18398444,31.100097,0.002499,0
557004700,6847.9799804,7070.52998052,-136.200195,-0.000894,0
773442100,6820.5899902,7066.95797856,-77,7.7E-05,1
1273130400,6807.7999999,7065.23598636,0,0.001277,1
749484400,6798.4600096,7064.4039844,117.800293,-0.004078,1
580137000,6787.8899901,7067.2439844,124.399902,0.020547,1
668257700,6764.0199706,7065.2239844,19.09961,0.002272,0
762752000,6740.7399901,7060.42198244,-214.399902,-0.003679,0
882243000,6716.9299804,7055.84198244,-323.799805,0.009743,1
789588400,6701.4899902,7049.54797854,-11.899902,-0.0069,1
590421700,6689.0199707,7042.01797854,109.5,0.003718,0
448998200,6676.3899903,7033.1999805,-22.800293,-0.002699,0
764973200,6672.6799805,7025.91397464,-48.899902,-0.003211,1
699409100,6663.909961,7022.76797854,87.600097,-0.009352,1
643184300,6655.7999513,7020.74397464,156.399902,-0.002212,1
595318500,6646.6999513,7017.9919727,80.399903,0.001852,0
549549300,6663.5199708,7018.3059766,15.799805,-0.012085,1
419532500,6688.3299806,7017.49797856,34.90039,0.004858,0
556304800,6694.1999513,7012.09597662,15.300293,0.007562,0
693476700,6696.6499513,7004.88797858,-121.40039,0.003743,0
632287000,6696.0499513,6994.68797858,-114.100098,0.000336,0
644793200,6700.9899415,6986.02198248,-87.5,-0.008394,1
820041700,6700.5399415,6977.89398442,-24,-0.001791,1
778087100,6696.369922,6971.92797856,89.100097,-0.009604,1
958422600,6689.8499513,6964.65797856,65.299805,0.015813,0
679885300,6683.1299806,6957.13198248,19.700196,0.000902,0
1399430100,6676.1099611,6950.93797858,-9.699707,0.005589,1
595585900,6672.8199708,6944.58797858,29.899902,0.00013,1
765478700,6672.5399903,6937.26797858,49.600097,0.002366,0
727572100,6664.1600098,6929.76598638,-54,-0.003871,0
1085554700,6663.0100098,6921.91998052,-165,0.008678,0
668900300,6652.5399903,6912.72597662,-96.200195,0.004414,0
538348700,6626.0000001,6902.24397466,-44.90039,-0.006403,0
699446800,6593.1600098,6888.6659766,-164.799805,0.004272,0
728564100,6543.0700195,6871.82198246,-158.399903,0.007311,0
807243600,6464.2999999,6851.1239844,-215.799805,0.005801,0
1657266300,6411.6499999,6835.97198244,-469,0.003693,1
1028065800,6362.8199706,6821.46998048,4.29980499999999,-0.001795,1
868831700,6302.2199706,6802.73797852,349,0.002896,0
1001128800,6253.4299316,6784.25797852,-133.5,-0.001074,1
769181300,6216.0099609,6767.86998048,-164.600097,-0.004414,1
735720100,6177.9899902,6750.15797854,135.600098,-0.000507,0
664577700,6160.5399902,6735.75797854,62.800293,0.009629,1
734267900,6139.3299805,6719.1859766,34.899902,0.003054,0
749536800,6132.3399415,6702.46997074,9.699707,-0.00795,0
584620900,6150.9099611,6685.5959766,-111.200195,-0.003639,0
598665000,6150.4099611,6670.3259766,-71.199707,-0.00349,1
836839300,6136.0299807,6655.22397466,69.200195,-0.000532,0
1508172800,6141.0500002,6642.32198246,19.5,-0.002175,1
697537600,6126.3000002,6624.10397466,-78.299805,0.01091,0
941657100,6110.1100099,6609.04998052,-168.300293,-0.002226,1
725707700,6091.3899903,6594.01797856,-76.5,-0.003314,0
968395200,6059.4100098,6578.04398442,23.100097,0.001869,0
1000021900,6049.9900391,6565.06598638,-123,0.002061,1
1018944000,6045.4600586,6550.00198248,102.700196,-0.001687,1
847372200,6050.0000488,6535.90398444,163.299805,0.006229,1
861807200,6064.940039,6525.73598638,68.399902,0.006602,1
985472100,6092.0100097,6520.82198248,263.899902,0.001278,1
720040900,6122.7600097,6518.72598638,244.799805,0.006885,1
745150000,6166.3000487,6513.97798832,79.800293,0.001675,0
535951300,6197.3100097,6508.21398442,-3.59961,-0.013281,0
700891400,6239.2200195,6504.05798832,-73.90039,-0.003482,1
592309300,6283.5299805,6499.47198246,6.799805,0.000485,0
476841500,6311.8799805,6492.90598638,10,-0.001778,0
574547000,6339.4699707,6485.11398442,-32.899902,0.004694,1
596747600,6364.0999512,6477.56398442,-3.899903,0.003198,1
718398200,6366.9899415,6469.79398442,31.199707,0.001522,0
564355600,6373.2899415,6462.77597662,16.899903,-0.010435,1
819718100,6371.2499025,6455.30997076,61.5,0.004417,0
826622300,6370.2398928,6449.18597662,30.5,-0.007233,0
716340400,6372.1898928,6443.32197272,-76.699707,-0.000883,1
506603500,6370.879883,6439.02397466,-34,0.006498,1
722038900,6371.029883,6433.47997076,3.799804,0.00062,0
711572600,6366.0398927,6426.00597662,-8,0.005114,0
658685600,6358.729883,6417.58597662,-69.699707,0.008677,0
725649900,6350.819922,6409.75797856,-78.5,0.007273,1
618113900,6328.9299317,6398.95397464,2,-0.014429,0
602945000,6312.0299317,6389.95997074,-128.899903,0.008446,1
697486200,6300.3499512,6380.81596684,-28.40039,-0.000494,1
615094500,6297.2299316,6374.12396488,132.600098,-0.001098,1
752196900,6294.5099609,6369.39196294,61.100097,-0.006065,1
808632500,6291.7799805,6364.7779688,55.600098,-0.006047,1
673258600,6295.7100098,6362.11397466,7.700196,-0.012895,1
453793700,6303.7100098,6361.54797856,58.5,0.002157,0
471764000,6311.7900391,6361.31198248,37.600097,-0.000347,0
834458200,6321.6400391,6365.47198248,-37,-0.000506,1
784743400,6330.8300294,6372.25998054,20.5,0.008839,0
662790200,6326.3000489,6372.88998054,-117.800293,-0.000162,0
542255600,6311.9200684,6370.6359864,-172.200195,0.003995,0
790574400,6291.6000977,6371.9999903,-103.09961,0.01612,0
751852900,6266.9500977,6372.09599616,-96.799805,0.004731,0
838093600,6234.9700684,6368.5699903,-47.100097,0.010414,0
811231700,6201.7800781,6366.87199224,-108.90039,-0.004148,1
750664600,6174.5100586,6364.34199224,-26.899903,-0.003376,1
725125100,6144.140039,6362.27399418,84.700195,-0.001029,0
1234966800,6108.05,6360.61399418,-8.800293,-0.001417,0
545001400,6109.6800293,6364.01399418,-67.700195,-0.002827,1
108851800,6118.7900391,6366.56599614,202.200196,0.002355,1
448441700,6132.6800294,6369.96599614,279.800293,0.002028,0
327817500,6144.2399904,6372.63798834,19.5,-0.00089,0
161427100,6144.7699708,6375.78999028,-72.300293,0.002365,0
686232700,6138.4000001,6374.22798834,-180.700196,0.003714,0
1054315500,6123.5199708,6373.29798834,-288.199707,-0.006079,0
809964200,6100.4499513,6372.54998054,-181,-0.000139,0
817313600,6088.1299806,6369.90198248,-82.300293,0.005211,1
806737100,6080.7500001,6367.67198248,16.800293,0.002268,1
809502200,6033.2799805,6360.66998052,89.200195,-0.001065,0
718879400,5989.4999512,6351.47797858,-149.300293,-0.009104,1
808697900,5929.4499512,6337.45398444,-84.200195,-0.001936,0
1035052400,5882.5999512,6324.60597664,-106.299804,5.6E-05,1
1089335700,5863.259961,6315.18197274,-103,0.000387,1
879968100,5866.8899414,6308.14397468,226.399902,0.001742,1
875026000,5868.8299317,6299.21997078,216.600097,-0.000332,0
892436800,5890.0299317,6293.84997078,31.799805,-0.004115,1
988153400,5903.119922,6288.14997078,93.399903,-0.005902,0
808643200,5899.219922,6279.62197274,128.300293,-0.003031,0
986962800,5906.0399416,6269.0579786,-161.799805,-0.001851,0
954158300,5887.2999513,6255.53998054,-212,0.000816,0
995838800,5883.159961,6239.42798834,-232.600098,0.003464,0
1146904600,5873.009961,6224.95798834,-215.899903,0.004385,1
994634100,5836.709961,6208.47598638,-17.100097,0.003112,0
1068310100,5820.0999513,6197.72598638,-95.200195,0.003593,1
724655800,5813.1399903,6187.67199224,152,0.002247,1
771095900,5807.7899903,6181.20199224,325.200195,-0.003327,1
948753000,5798.9799805,6174.73798834,206,-0.00058,0
809867000,5801.8,6168.23599614,109.799805,-0.002843,0
692901300,5803.7100097,6159.63599614,-80.09961,-0.001982,0
834682500,5836.05,6156.9639942,-104.799805,0.00314,1
999956900,5882.4299805,6153.5079981,62.59961,0.013967,1
858937600,5924.9100098,6149.87000006,228.799805,0.004981,1
941705500,5986.5,6146.33000006,84.300293,-0.002255,1
933626200,6024.0100097,6143.62599614,56.899902,-0.004772,1
866051300,6056.0299804,6140.52199222,102.299804,-5.6E-05,0
817955900,6065.5399901,6135.1679883,29.5,-0.000364,0
913517000,6082.9699706,6130.5899805,-74,0.00804,1
758331300,6091.6199706,6124.20198244,-36.100097,-0.001919,0
1056246900,6118.8999511,6119.08797854,-88.699707,0.000508,1
700313300,6135.1699706,6117.83198244,-6.29980499999999,0.000112,1
700761300,6145.6799804,6117.3839844,138.799805,0.003391,1
832614900,6154.9299804,6118.47198246,61.100098,-0.00418,0
1129194800,6158.1,6119.62998052,14.100098,0.002455,0
532073700,6148.8100098,6119.99797856,-16.5,-0.000396,0
625282200,6141.1600098,6121.7599805,-83.100098,0.000452,0
596325500,6148.9400391,6124.5999805,-78.700196,0.001414,1
803811000,6151.8000488,6126.04797854,96.700195,0.005225,0
746399600,6162.7400391,6127.92198246,69,0.001882,0
747479000,6164.9000489,6130.45798832,-57.100097,-0.001626,1
738661300,6161.0400391,6128.1039844,-13.299804,-0.000911,0
761729900,6161.3700195,6125.89998048,-9.200196,0.010683,1
622127800,6162.4200195,6124.41998048,42.799804,-0.00213,0
552586500,6168.1999999,6124.42198242,63.200196,-0.002011,1
690137700,6191.9299804,6129.42998048,38,-0.007509,1
780841700,6216.6899902,6137.41797852,143.699707,0.001337,1
613394400,6236.9099609,6147.27797852,111.100098,-0.003948,1
808478400,6260.4499512,6158.04797852,61.600097,-0.006409,1
814753100,6283.9799316,6167.09197266,56.799805,0.002535,0
831612200,6296.2699218,6173.56197266,-24,0.002882,0
776825800,6314.5699218,6184.36197266,-125.799805,-0.000735,1
822361600,6326.3699218,6193.2739746,-61.5,0.002038,1
861757000,6330.5499022,6204.63997068,37.899902,0.005975,0
865553800,6324.8699218,6212.87597654,-78,-0.002964,0
895095800,6303.0599608,6217.38998044,-136.799804,-0.003322,0
720345400,6279.1899413,6219.8779785,-116.199707,0.000964,0
669494900,6254.3199706,6224.3759863,-70.800293,-0.003172,1
652991800,6229.5399901,6225.9499902,31,-0.009611,1
573062300,6201.8200194,6226.83199214,47.700195,0.000838,0
698762400,6190.1499999,6231.74798824,-52.5,0.003223,1
758810700,6174.7399902,6238.10198238,5.299805,-0.001066,0
887529400,6147.8399902,6245.38198238,61.59961,-0.000476,0
936494700,6139.2799805,6255.86397458,-114.399903,-0.000113,1
780582600,6134.3599609,6265.14597652,-9.5,0.007007,0
653011400,6148.3599609,6279.71998042,83,-0.000819,1
665573200,6163.9599609,6288.64998042,109.40039,0.000198,1
577101200,6171.3699219,6296.02197262,134.399903,-0.005067,0
1329032900,6174.3099121,6299.25397456,-34.90039,0.003656,0
887239300,6182.4499024,6303.52597652,-78.899903,0.016914,0
892214700,6194.1199219,6310.21197262,-45.199707,0.0019,1
690004500,6207.6899414,6318.89796872,92.600098,5.7E-05,1
643216300,6225.5399414,6323.27997066,115.899902,-0.001871,0
668485600,6221.4899414,6323.67596676,-52.600098,0.003892,0
725887400,6212.3499512,6322.6339648,-185.700195,0.004142,0
827452100,6180.8299317,6318.58596676,-186.899902,-0.001741,0
791476800,6155.859961,6315.01997068,-165.299805,0.000261,1
1274460400,6153.1799805,6315.45197264,-23.899902,-0.004481,1
979119000,6156.6500001,6317.47597656,253.5,0.000548,1
816749300,6164.2100098,6319.77398436,205.5,0.003933,1
858110900,6133.9800293,6318.68398436,57.200195,0.00087,0
2430429000,6117.8700195,6318.6919824,-244.399903,0.007578,1
1545515100,6130.6900391,6322.38398436,-120.800293,0.003873,1
1458617500,6169.5400391,6328.4479785,377.899903,0.001236,1
1515147700,6222.8200196,6336.21197264,363.899903,-0.000824,1
1066211600,6274.1300294,6341.79197264,217.699707,-0.000118,0
1566032200,6325.4000001,6350.33796874,-40.699707,-0.001704,1
1017465800,6364.0600099,6360.03197266,-44,0.000587,1
909700100,6409.6899903,6369.6259668,127,0.001824,1
939285500,6451.6399903,6379.74197266,149.100097,-0.002764,0
1130427300,6520.3399903,6390.2039746,90.100097,-0.000792,0
814067900,6575.8399903,6400.87997068,-13.699707,-0.003511,1
851731500,6609.5699707,6412.08997068,14.699707,0.005596,1
615693000,6632.0399902,6422.58197264,28.199707,-0.000412,1
744699200,6644.2499999,6432.57796872,33.600098,-0.004453,0
785375100,6670.2899901,6442.20997068,2.5,-0.000409,1
715629500,6691.9499998,6450.34197262,-5,-0.001751,1
762916700,6704.9999998,6457.69397458,50.5,-0.000816,0
1204906600,6709.1499998,6464.07397458,-2.899902,-0.002443,1
896711900,6710.4799803,6469.74797848,-26,-0.004922,0
705878400,6717.5799803,6476.92398434,-27.100098,-0.000981,1
975076700,6727.3899901,6487.10398434,15.800293,0.000259,1
854685300,6738.5600097,6496.88798826,99.5,-0.003713,1
731849100,6750.7899902,6507.46598632,68.899903,-0.003726,1
843228100,6767.4399902,6519.95598632,57.799805,-0.001856,1
714543400,6789.1600097,6535.06798826,57.299804,-0.006169,1
534981000,6803.5100097,6550.4319824,89.90039,0.003775,0
624313400,6817.3200194,6565.3199902,27.5,0.001054,0
694905300,6831.7800292,6579.5659863,-82,-0.002333,1
562282600,6848.2800292,6593.4959863,-24.899902,-0.002496,0
682389000,6857.8399902,6608.1279785,-0.200195000000001,-0.005281,0
725713700,6860.1799804,6621.10998044,-33.200195,0.001043,0
637936600,6863.0799804,6634.5559863,-42.100098,0.001946,1
516535900,6860.0299804,6649.90398436,2.300293,-0.011725,0
721583800,6851.5399902,6662.40798826,3.899903,-0.000306,0
914533800,6845.3599609,6677.26798826,-56.600098,0.003348,1
556659100,6838.5799805,6688.47598632,58.600097,0.000336,0
666479900,6837.3199708,6699.99199218,44.600098,-0.010202,1
910691300,6836.2899903,6712.54999998,-32.799804,-0.002124,1
784127900,6828.0899903,6724.25200194,32.600097,-0.002037,0
768674900,6811.8399903,6734.00599608,-69.600098,-0.002799,0
676448700,6803.1799806,6742.92199218,-185.40039,0.001837,1
747305800,6790.3999513,6751.09798828,-46.700195,-0.002248,0
1346126200,6789.6799806,6762.7319922,37,0.002853,1
685155700,6794.6099611,6777.0319922,83.300293,0.00132,1
695070600,6797.6099611,6794.31999024,120.5,0.000302,1
738083700,6796.7999513,6811.66999024,95.799804,0.002344,0
772058900,6792.909961,6827.40199218,-12.799805,-0.014722,0
822515600,6791.9799317,6840.30999022,-101.699707,-0.000678,1
735753900,6806.2199219,6854.1659863,31.399902,-0.016791,1
833301000,6846.3199219,6870.4279785,111.699707,-0.008163,1
1411305400,6876.6199219,6891.4499707,224.899903,-0.011742,0
941050600,6905.5899414,6908.64197266,113.899903,0.002958,0
796980200,6928.6699218,6922.32796874,-74.299805,0.007628,1
1359993500,6955.3399413,6934.19197264,11.100097,0.005108,1
848672800,6962.1699706,6942.18998044,97.5,0.000608,0
1010365100,6981.7299804,6953.18998044,-66.699707,-0.002903,1
846003100,6995.7199707,6961.4659863,-83.899902,0.003696,0
705888600,7010.7899903,6969.6559863,-30.100097,0.000212,1
795838600,7021.0399903,6976.4359863,-13.5,0.016899,1
798401200,7012.25,6982.54998044,74.299804,-0.011722,0
657275100,7010.6800293,6989.5179785,-13.700196,0.00521,1
836098700,7006.4900391,6994.77198242,-4.299804,0.002174,0
911701300,7000.7100587,7000.55598634,-28.299804,-0.006958,1
932928900,6990.5900392,7005.90198244,-31,0.00072,1
927919200,6977.3600099,7008.81198244,38.199707,-0.009308,0
773904700,6955.0500001,7010.14198244,-141.200196,0.000395,0
1051387600,6929.6199708,7008.9999805,-205.799805,-0.002844,0
875842600,6910.2999512,7010.71597658,-152.100097,-0.002153,1
862189600,6892.4199708,7013.0899805,16.399902,-0.003218,1
807294400,6866.8199708,7013.81797854,149.800293,-0.019607,0
1079211900,6840.3799805,7014.07797854,-76.5,0.011112,1
1053182100,6823.8399902,7014.06198244,-89.899903,0.001397,1
1123112200,6800.1499999,7012.87398438,62.300293,0.007385,0
850998000,6779.9900389,7011.74199218,-3.5,-0.004013,1
826252500,6777.4200682,7010.80799804,2,-0.002984,1
896754300,6780.1400877,7008.33799804,70,-0.002611,0
773975400,6793.7301267,7007.0440039,23,-0.017541,1
491417000,6797.120117,7006.6759961,9.5,0.010064,1
477578100,6792.7601072,7005.2859961,23.09961,0.010399,0
688383900,6795.0101072,7003.16399414,-29.700195,-0.000388,0
938011500,6792.7601072,7001.06200194,-87.899903,0.006683,0
687199300,6788.1700682,6999.66,-68.799805,-0.004401,1
790521700,6791.1800292,6998.49399414,-6.100097,-0.007007,1
845397500,6801.9300292,7000.12200194,49.09961,-0.001543,1
1161379200,6816.8200195,7003.8640039,155.40039,0.006345,1
905452400,6829.9700195,7005.26000976,188.800293,0.003192,0
971286400,6846.95,7008.7180078,47,0.001796,1
1064458500,6864.0300293,7012.0180078,30.399902,-0.01372,1
1113082800,6885.8000488,7015.1880078,62.399903,-0.000461,1
626061400,6916.8800781,7020.9220117,18.200195,-0.002734,1
468663000,6950.6300781,7028.8200195,52.100097,0.00051,1
186159300,6986.5601074,7036.33602536,51,0.002762,1
470755300,7020.6101074,7044.53602536,42.399903,-0.004165,1
383620400,7044.6700684,7051.1200195,52.09961,-0.012342,1
316700000,7067.3400391,7058.4100195,36.699707,0.004379,1
768721000,7093.4300294,7064.42402342,75,-0.003173,1
694323700,7117.3100099,7072.82001952,67.300293,0.007271,1
705536400,7143.7000001,7082.17601562,42.5,-0.015721,1
933682800,7171.0299806,7090.99801758,65.399902,-0.006661,1
878535700,7197.3699709,7099.1520215,52.700195,-0.003591,1
633737000,7212.5899416,7102.07402344,51.600098,-0.002548,0
879279000,7226.7399416,7106.3600293,-70.100098,-0.001223,1
795536000,7235.5499513,7110.52802734,-79.5,0.004483,0
748413500,7241.109961,7113.60802734,-12,0.00214,0
819057000,7238.0199707,7114.94602538,-49.200196,-0.004617,0
989914700,7233.1599609,7118.62202148,-44,0.004839,0
905662800,7227.8299804,7122.04001952,-36.899902,0.002394,1
876491800,7212.1299804,7125.45801756,20.100098,0.006801,0
890006700,7192.9999999,7127.4400195,-43,-0.006431,0
959011000,7179.1199706,7130.76801756,-85.299805,-0.011268,1
786535500,7174.2999999,7134.48402342,69.799805,0.012233,0
614802900,7168.1600096,7137.85602536,73,-0.008789,1
770251300,7166.1999999,7142.4700195,-2.09961,0.004764,1
935233800,7169.3100097,7147.32801754,16.59961,-0.00155,1
781741400,7179.7300293,7152.7740234,43.299805,-0.011299,1
756312200,7193.8200195,7161.9140234,79.800293,0.0086,1
716447200,7203.1600097,7171.66202144,72.899902,0.003634,0
684054500,7221.3100097,7183.79602534,9.299804,0.005904,1
801785200,7241.3799804,7193.65602534,-2.399902,-0.002451,0
635938500,7249.6899901,7202.22202142,22,0.000544,0
1065322800,7256.8399901,7212.48802728,-28.600098,-0.008268,0
855350300,7263.5199706,7222.48402338,-56.199707,0.010001,1
831112100,7270.9799803,7231.89801752,-18.399902,-0.017189,1
981918400,7286.3199705,7244.56201166,19.699707,0.009664,1
1035866400,7294.4699705,7255.67000972,129.899902,-0.004041,0
738066600,7298.1299803,7266.05600582,86.700196,-0.005186,0
844760300,7303.7999999,7276.39400388,-43.899902,-0.005561,0
866234700,7305.2999999,7286.10999998,-15.5,0.003985,0
1045803400,7309.6200195,7296.15600584,-24,0,1
919722100,7319.3400391,7307.5380078,8.5,-0.000847,1
833084500,7336.5700196,7320.80000976,53.600098,-0.003765,1
1082219200,7353.7700196,7334.68600586,72.899902,0.005315,1
1516668800,7370.4100099,7348.34600586,56.399902,0.001189,1
611042100,7369.9500002,7360.31600586,13.799805,-0.000122,0
846963600,7368.6199709,7369.00799806,-46.700195,-0.029481,0
633190500,7364.0699709,7375.5059961,-93,-0.002659,0
779235000,7364.9499513,7383.38999024,-84.799805,-0.012034,1
791143500,7370.8199708,7390.88399414,6.600097,-0.003041,1
779343400,7373.459961,7398.04199218,80.200195,-0.001961,0
760967600,7368.7799317,7404.13398438,26.100098,0.010153,0
786153000,7360.3499512,7409.49398438,-51.90039,-0.001913,1
749886800,7348.1699707,7414.19398438,-37.799805,0,0
887193100,7340.1299804,7419.05998046,-18.59961,0.006402,1
780587700,7337.1899901,7423.6319824,17.699707,-0.005319,0
668786200,7336.2700194,7427.32798826,45.699707,-0.003908,0
715928200,7321.6700194,7426.37199216,-21.799804,-0.00521,0
1039110900,7298.7700194,7424.45798824,-201.399902,0.005737,0
1018754400,7273.2499999,7422.07199214,-213.200196,-0.000252,1
830708700,7247.7600097,7418.8539941,-29,-0.013165,0
896918700,7244.4500487,7418.817998,0.200196,-0.001733,1
860455200,7235.0000487,7417.01999994,170.200195,0.008958,0
1094741200,7225.0700194,7416.68999994,122.600097,0.010264,0
1148718800,7215.140039,7416.73999994,-84.800293,-0.004576,1
910924000,7203.7000488,7417.2620019,12.899903,-0.006325,0
766336200,7201.0300292,7419.3120019,30.600098,0.000796,1
716672700,7220.5000487,7422.86800776,50.799804,-0.005895,1
707206200,7247.580078,7427.34201166,107.700195,0.011401,1
822815300,7274.3900878,7431.38401362,84.300293,0.003792,1
956757900,7306.4700682,7437.72201166,44.399903,0.014588,1
852716600,7327.9500487,7445.80800776,50.199707,-0.008689,1
989995900,7347.8700194,7450.7700097,116.899902,-0.002295,0
981827100,7374.5500487,7456.7400097,1,0.004598,1
820231400,7399.1700194,7462.9420019,-32.799805,-0.001931,1
672758000,7424.2499999,7468.8720019,59.899903,0.014922,0
678940100,7448.9200195,7475.23400386,14.59961,0.000853,1
773534000,7467.35,7480.3920019,51.300293,-0.004422,0
737736400,7480.8299805,7484.74400386,41.200195,-0.000283,0
1864745500,7496.5499512,7490.06200192,-27.600098,0.008557,1
859764100,7507.7699708,7495.01400388,17.299805,-0.001905,1
799553200,7505.2799806,7498.5880078,27.600098,-0.003085,0
874514700,7506.6399904,7502.16000976,-65.199707,0.006326,0
867765500,7512.2999514,7507.83200196,-97.600098,0.000669,1
1079740000,7513.8599611,7513.01,48.699707,0.006985,0
691742100,7515.3699708,7517.75,61.899902,-0.011085,0
759155200,7506.959961,7519.36200196,-26.899903,-0.001188,0
1889237700,7506.6899415,7522.8359961,-48.399902,-0.004708,1
551165300,7501.959961,7525.51,23.399903,0.000755,0
1005340300,7492.359961,7527.77399414,9.200195,-0.010157,0
843652400,7481.5299317,7530.25999024,-76,-0.001746,0
789287000,7477.1099121,7532.08598632,-33.40039,-0.018987,0
704817400,7470.8898926,7532.46998046,-13.399903,0.004708,0
833666400,7453.1898926,7531.15597656,-51.5,-0.002278,0
930392000,7439.7099122,7530.19797852,-84.100097,-0.01491,1
704804300,,,,,